{
  "center": [
    387.8637,
    529.4637
  ],
  "dots": [
    [
      120.44199752807617,
      366.4342041015625
    ],
    [
      139.41650390625,
      339.7625732421875
    ],
    [
      144.0908966064453,
      344.59271240234375
    ],
    [
      150.1020050048828,
      348.4561767578125
    ],
    [
      156.4860076904297,
      352.12841796875
    ],
    [
      162.4530029296875,
      355.55572509765625
    ],
    [
      168.17510986328125,
      359.70361328125
    ],
    [
      173.80250549316406,
      363.10498046875
    ],
    [
      179.9492950439453,
      366.90130615234375
    ],
    [
      186.01760864257812,
      370.67071533203125
    ],
    [
      191.62310791015625,
      374.9376220703125
    ],
    [
      197.3123016357422,
      379.20452880859375
    ],
    [
      202.7292022705078,
      383.60369873046875
    ],
    [
      208.34420776367188,
      387.43951416015625
    ],
    [
      214.2075958251953,
      391.55438232421875
    ],
    [
      219.74510192871094,
      395.8021240234375
    ],
    [
      225.9927978515625,
      399.48358154296875
    ],
    [
      231.76339721679688,
      403.96881103515625
    ],
    [
      237.27059936523438,
      407.4976806640625
    ],
    [
      242.85910034179688,
      411.98907470703125
    ],
    [
      248.11129760742188,
      416.17401123046875
    ],
    [
      253.38450622558594,
      420.780517578125
    ],
    [
      258.4425964355469,
      425.86541748046875
    ],
    [
      264.7229919433594,
      429.50408935546875
    ],
    [
      270.15130615234375,
      434.00860595703125
    ],
    [
      275.5823059082031,
      438.41082763671875
    ],
    [
      281.0603942871094,
      442.2874755859375
    ],
    [
      286.331298828125,
      446.88897705078125
    ],
    [
      291.86419677734375,
      451.338623046875
    ],
    [
      297.044189453125,
      456.26171875
    ],
    [
      302.593505859375,
      460.84136962890625
    ],
    [
      307.5765075683594,
      465.13397216796875
    ],
    [
      313.0251159667969,
      469.336181640625
    ],
    [
      319.2930908203125,
      473.30047607421875
    ],
    [
      324.7872009277344,
      477.5098876953125
    ],
    [
      330.30291748046875,
      481.9921875
    ],
    [
      335.32281494140625,
      486.677490234375
    ],
    [
      340.9283142089844,
      491.19537353515625
    ],
    [
      346.1155090332031,
      495.37847900390625
    ],
    [
      352.0556945800781,
      499.89642333984375
    ],
    [
      357.0755920410156,
      504.3306884765625
    ],
    [
      363.4341125488281,
      509.35052490234375
    ]
  ],
  "polar_by_radius": [
    [
      -2.452797766426062,
      31.64402875019921,
      363.4341125488281,
      509.35052490234375
    ],
    [
      -2.456978175783842,
      39.743878269883524,
      357.0755920410156,
      504.3306884765625
    ],
    [
      -2.4513661677095326,
      46.43745364736718,
      352.0556945800781,
      499.89642333984375
    ],
    [
      -2.456902686394724,
      53.89539627234121,
      346.1155090332031,
      495.37847900390625
    ],
    [
      -2.457567421129592,
      60.55902286011006,
      340.9283142089844,
      491.19537353515625
    ],
    [
      -2.4581680181931644,
      67.75842640475372,
      335.32281494140625,
      486.677490234375
    ],
    [
      -2.451959402499017,
      74.61091195862996,
      330.30291748046875,
      481.9921875
    ],
    [
      -2.452588348802562,
      81.71807234757944,
      324.7872009277344,
      477.5098876953125
    ],
    [
      -2.455339242901606,
      88.63541146184687,
      319.2930908203125,
      473.30047607421875
    ],
    [
      -2.4647641116420784,
      96.00068814415751,
      313.0251159667969,
      469.336181640625
    ],
    [
      -2.4660929020461544,
      102.88025637360411,
      307.5765075683594,
      465.13397216796875
    ],
    [
      -2.4639539475944354,
      109.45332445540161,
      302.593505859375,
      460.84136962890625
    ],
    [
      -2.4631941509896413,
      116.64781847466884,
      297.044189453125,
      456.26171875
    ],
    [
      -2.4584892689857245,
      123.77169413047756,
      291.86419677734375,
      451.338623046875
    ],
    [
      -2.458803764886991,
      130.87174392460275,
      286.331298828125,
      446.88897705078125
    ],
    [
      -2.4570325086340707,
      137.86457200561776,
      281.0603942871094,
      442.2874755859375
    ],
    [
      -2.460219718041347,
      144.5604960727563,
      275.5823059082031,
      438.41082763671875
    ],
    [
      -2.4602297845253855,
      151.55158410289795,
      270.15130615234375,
      434.00860595703125
    ],
    [
      -2.459727339645654,
      158.60503693419415,
      264.7229919433594,
      429.50408935546875
    ],
    [
      -2.466562499192592,
      165.77824401542415,
      258.4425964355469,
      425.86541748046875
    ],
    [
      -2.461884726230875,
      172.90658662862722,
      253.38450622558594,
      420.780517578125
    ],
    [
      -2.460394035555379,
      179.90355070424354,
      248.11129760742188,
      416.17401123046875
    ],
    [
      -2.460696800803298,
      186.6189205567302,
      242.85910034179688,
      411.98907470703125
    ],
    [
      -2.460841535221706,
      193.78852347713195,
      237.27059936523438,
      407.4976806640625
    ],
    [
      -2.4644553970023626,
      200.2904682837058,
      231.76339721679688,
      403.96881103515625
    ],
    [
      -2.465033441214572,
      207.5982180955629,
      225.9927978515625,
      399.48358154296875
    ],
    [
      -2.4698813656757483,
      214.77727978069288,
      219.74510192871094,
      395.8021240234375
    ],
    [
      -2.4704278385928764,
      221.75532106123217,
      214.2075958251953,
      391.55438232421875
    ],
    [
      -2.4722805119657507,
      228.90635084300206,
      208.34420776367188,
      387.43951416015625
    ],
    [
      -2.4742983244538577,
      235.69030998303472,
      202.7292022705078,
      383.60369873046875
    ],
    [
      -2.4738729513084605,
      242.6677851419558,
      197.3123016357422,
      379.20452880859375
    ],
    [
      -2.4745623836851225,
      249.77725826044355,
      191.62310791015625,
      374.9376220703125
    ],
    [
      -2.47501221042775,
      256.8210594480726,
      186.01760864257812,
      370.67071533203125
    ],
    [
      -2.4780036988421057,
      263.92220763268637,
      179.9492950439453,
      366.90130615234375
    ],
    [
      -2.480937663879126,
      271.1040732961616,
      173.80250549316406,
      363.10498046875
    ],
    [
      -2.4837019917495478,
      277.6356671593488,
      168.17510986328125,
      359.70361328125
    ],
    [
      -2.484462866330111,
      284.6997823820004,
      162.4530029296875,
      355.55572509765625
    ],
    [
      -2.4876577019455306,
      291.51919105198743,
      156.4860076904297,
      352.12841796875
    ],
    [
      -2.4908998955323183,
      298.8215974075873,
      150.1020050048828,
      348.4561767578125
    ],
    [
      -2.492753609017248,
      305.9451939967115,
      144.0908966064453,
      344.59271240234375
    ],
    [
      -2.4894776518653017,
      312.5900298154596,
      139.41650390625,
      339.7625732421875
    ],
    [
      -2.5941190630984403,
      313.1979940642673,
      120.44199752807617,
      366.4342041015625
    ]
  ]
}