{
  "center": [
    394.5,
    521.5
  ],
  "phi0_rad": -2.5260129459016416,
  "phi0_deg": -144.729880795572,
  "a_per_index": 33.76134369101791,
  "b_per_index": 6.973681562223392,
  "a_continuous": 36.56495508325922,
  "b_per_rad": 1.1098958921766637,
  "theta_start": -2.5260129459016416,
  "theta_end": 255.08458464846137,
  "n_dots": 42,
  "arc_length_pts": 45526.66000978801,
  "dot_positions": [
    [
      120.44199752807617,
      366.4342041015625
    ],
    [
      139.41650390625,
      339.7625732421875
    ],
    [
      144.0908966064453,
      344.59271240234375
    ],
    [
      150.1020050048828,
      348.4561767578125
    ],
    [
      156.4860076904297,
      352.12841796875
    ],
    [
      162.4530029296875,
      355.55572509765625
    ],
    [
      168.17510986328125,
      359.70361328125
    ],
    [
      173.80250549316406,
      363.10498046875
    ],
    [
      179.9492950439453,
      366.90130615234375
    ],
    [
      186.01760864257812,
      370.67071533203125
    ],
    [
      191.62310791015625,
      374.9376220703125
    ],
    [
      197.3123016357422,
      379.20452880859375
    ],
    [
      202.7292022705078,
      383.60369873046875
    ],
    [
      208.34420776367188,
      387.43951416015625
    ],
    [
      214.2075958251953,
      391.55438232421875
    ],
    [
      219.74510192871094,
      395.8021240234375
    ],
    [
      225.9927978515625,
      399.48358154296875
    ],
    [
      231.76339721679688,
      403.96881103515625
    ],
    [
      237.27059936523438,
      407.4976806640625
    ],
    [
      242.85910034179688,
      411.98907470703125
    ],
    [
      248.11129760742188,
      416.17401123046875
    ],
    [
      253.38450622558594,
      420.780517578125
    ],
    [
      258.4425964355469,
      425.86541748046875
    ],
    [
      264.7229919433594,
      429.50408935546875
    ],
    [
      270.15130615234375,
      434.00860595703125
    ],
    [
      275.5823059082031,
      438.41082763671875
    ],
    [
      281.0603942871094,
      442.2874755859375
    ],
    [
      286.331298828125,
      446.88897705078125
    ],
    [
      291.86419677734375,
      451.338623046875
    ],
    [
      297.044189453125,
      456.26171875
    ],
    [
      302.593505859375,
      460.84136962890625
    ],
    [
      307.5765075683594,
      465.13397216796875
    ],
    [
      313.0251159667969,
      469.336181640625
    ],
    [
      319.2930908203125,
      473.30047607421875
    ],
    [
      324.7872009277344,
      477.5098876953125
    ],
    [
      330.30291748046875,
      481.9921875
    ],
    [
      335.32281494140625,
      486.677490234375
    ],
    [
      340.9283142089844,
      491.19537353515625
    ],
    [
      346.1155090332031,
      495.37847900390625
    ],
    [
      352.0556945800781,
      499.89642333984375
    ],
    [
      357.0755920410156,
      504.3306884765625
    ],
    [
      363.4341125488281,
      509.35052490234375
    ]
  ]
}